model,forecast_date,target_end_date_1wk_ahead,target_group,num_units_eligible,sat_fcast_week,sum_units
CovidAnalytics-DELPHI,2020-09-28,2020-10-03,inc,52,2020-09-26,624
CovidAnalytics-DELPHI,2020-10-05,2020-10-10,inc,52,2020-10-03,624
CovidAnalytics-DELPHI,2020-10-12,2020-10-17,inc,52,2020-10-10,624
CovidAnalytics-DELPHI,2020-10-19,2020-10-24,inc,52,2020-10-17,624
CovidAnalytics-DELPHI,2020-10-26,2020-10-31,inc,52,2020-10-24,624
CovidAnalytics-DELPHI,2020-11-02,2020-11-07,inc,52,2020-10-31,624
CovidAnalytics-DELPHI,2020-11-09,2020-11-14,inc,52,2020-11-07,624
CovidAnalytics-DELPHI,2020-11-16,2020-11-21,inc,52,2020-11-14,624
CovidAnalytics-DELPHI,2020-11-22,2020-11-28,inc,52,2020-11-21,624
CovidAnalytics-DELPHI,2020-11-30,2020-12-05,inc,52,2020-11-28,624
CovidAnalytics-DELPHI,2020-12-07,2020-12-12,inc,52,2020-12-05,624
CovidAnalytics-DELPHI,2020-12-14,2020-12-19,inc,52,2020-12-12,624
UMass-MechBayes,2020-05-17,2020-05-23,inc,52,2020-05-16,1684
UMass-MechBayes,2020-05-24,2020-05-30,inc,52,2020-05-23,1684
UMass-MechBayes,2020-05-31,2020-06-06,inc,52,2020-05-30,1684
UMass-MechBayes,2020-06-07,2020-06-13,inc,52,2020-06-06,1684
UMass-MechBayes,2020-06-14,2020-06-20,inc,52,2020-06-13,1684
UMass-MechBayes,2020-06-21,2020-06-27,inc,52,2020-06-20,1684
UMass-MechBayes,2020-06-28,2020-07-04,inc,52,2020-06-27,1684
UMass-MechBayes,2020-07-05,2020-07-11,inc,55,2020-07-04,1684
UMass-MechBayes,2020-07-12,2020-07-18,inc,55,2020-07-11,1684
UMass-MechBayes,2020-07-19,2020-07-25,inc,55,2020-07-18,1684
UMass-MechBayes,2020-07-26,2020-08-01,inc,55,2020-07-25,1684
UMass-MechBayes,2020-08-02,2020-08-08,inc,55,2020-08-01,1684
UMass-MechBayes,2020-08-09,2020-08-15,inc,55,2020-08-08,1684
UMass-MechBayes,2020-08-16,2020-08-22,inc,55,2020-08-15,1684
UMass-MechBayes,2020-08-23,2020-08-29,inc,55,2020-08-22,1684
UMass-MechBayes,2020-08-30,2020-09-05,inc,55,2020-08-29,1684
UMass-MechBayes,2020-09-06,2020-09-12,inc,55,2020-09-05,1684
UMass-MechBayes,2020-09-13,2020-09-19,inc,55,2020-09-12,1684
UMass-MechBayes,2020-09-20,2020-09-26,inc,55,2020-09-19,1684
UMass-MechBayes,2020-09-27,2020-10-03,inc,55,2020-09-26,1684
UMass-MechBayes,2020-10-04,2020-10-10,inc,55,2020-10-03,1684
UMass-MechBayes,2020-10-11,2020-10-17,inc,55,2020-10-10,1684
UMass-MechBayes,2020-10-18,2020-10-24,inc,55,2020-10-17,1684
UMass-MechBayes,2020-10-25,2020-10-31,inc,55,2020-10-24,1684
UMass-MechBayes,2020-11-01,2020-11-07,inc,55,2020-10-31,1684
UMass-MechBayes,2020-11-08,2020-11-14,inc,55,2020-11-07,1684
UMass-MechBayes,2020-11-15,2020-11-21,inc,55,2020-11-14,1684
UMass-MechBayes,2020-11-22,2020-11-28,inc,55,2020-11-21,1684
UMass-MechBayes,2020-11-29,2020-12-05,inc,55,2020-11-28,1684
UMass-MechBayes,2020-12-06,2020-12-12,inc,55,2020-12-05,1684
UMass-MechBayes,2020-12-13,2020-12-19,inc,55,2020-12-12,1684
CMU-TimeSeries,2020-07-20,2020-07-25,inc,52,2020-07-18,1125
CMU-TimeSeries,2020-07-27,2020-08-01,inc,51,2020-07-25,1125
CMU-TimeSeries,2020-08-02,2020-08-08,inc,51,2020-08-01,1125
CMU-TimeSeries,2020-08-10,2020-08-15,inc,51,2020-08-08,1125
CMU-TimeSeries,2020-08-17,2020-08-22,inc,51,2020-08-15,1125
CMU-TimeSeries,2020-08-24,2020-08-29,inc,51,2020-08-22,1125
CMU-TimeSeries,2020-08-31,2020-09-05,inc,51,2020-08-29,1125
CMU-TimeSeries,2020-09-07,2020-09-12,inc,50,2020-09-05,1125
CMU-TimeSeries,2020-09-14,2020-09-19,inc,50,2020-09-12,1125
CMU-TimeSeries,2020-09-21,2020-09-26,inc,50,2020-09-19,1125
CMU-TimeSeries,2020-09-28,2020-10-03,inc,50,2020-09-26,1125
CMU-TimeSeries,2020-10-05,2020-10-10,inc,50,2020-10-03,1125
CMU-TimeSeries,2020-10-12,2020-10-17,inc,52,2020-10-10,1125
CMU-TimeSeries,2020-10-19,2020-10-24,inc,51,2020-10-17,1125
CMU-TimeSeries,2020-10-26,2020-10-31,inc,51,2020-10-24,1125
CMU-TimeSeries,2020-11-02,2020-11-07,inc,51,2020-10-31,1125
CMU-TimeSeries,2020-11-09,2020-11-14,inc,52,2020-11-07,1125
CMU-TimeSeries,2020-11-16,2020-11-21,inc,52,2020-11-14,1125
CMU-TimeSeries,2020-11-23,2020-11-28,inc,52,2020-11-21,1125
CMU-TimeSeries,2020-11-30,2020-12-05,inc,52,2020-11-28,1125
CMU-TimeSeries,2020-12-07,2020-12-12,inc,52,2020-12-05,1125
CMU-TimeSeries,2020-12-14,2020-12-19,inc,52,2020-12-12,1125
Columbia_UNC-SurvCon,2020-07-19,2020-07-25,inc,1,2020-07-18,474
Columbia_UNC-SurvCon,2020-07-26,2020-08-01,inc,1,2020-07-25,474
Columbia_UNC-SurvCon,2020-08-02,2020-08-08,inc,1,2020-08-01,474
Columbia_UNC-SurvCon,2020-08-09,2020-08-15,inc,1,2020-08-08,474
Columbia_UNC-SurvCon,2020-08-16,2020-08-22,inc,1,2020-08-15,474
Columbia_UNC-SurvCon,2020-08-23,2020-08-29,inc,1,2020-08-22,474
Columbia_UNC-SurvCon,2020-08-30,2020-09-05,inc,1,2020-08-29,474
Columbia_UNC-SurvCon,2020-09-06,2020-09-12,inc,1,2020-09-05,474
Columbia_UNC-SurvCon,2020-09-13,2020-09-19,inc,1,2020-09-12,474
Columbia_UNC-SurvCon,2020-09-20,2020-09-26,inc,1,2020-09-19,474
Columbia_UNC-SurvCon,2020-09-27,2020-10-03,inc,1,2020-09-26,474
Columbia_UNC-SurvCon,2020-10-04,2020-10-10,inc,1,2020-10-03,474
Columbia_UNC-SurvCon,2020-10-11,2020-10-17,inc,1,2020-10-10,474
Columbia_UNC-SurvCon,2020-10-18,2020-10-24,inc,51,2020-10-17,474
Columbia_UNC-SurvCon,2020-10-25,2020-10-31,inc,52,2020-10-24,474
Columbia_UNC-SurvCon,2020-11-01,2020-11-07,inc,51,2020-10-31,474
Columbia_UNC-SurvCon,2020-11-08,2020-11-14,inc,52,2020-11-07,474
Columbia_UNC-SurvCon,2020-11-15,2020-11-21,inc,51,2020-11-14,474
Columbia_UNC-SurvCon,2020-11-22,2020-11-28,inc,52,2020-11-21,474
Columbia_UNC-SurvCon,2020-11-29,2020-12-05,inc,52,2020-11-28,474
Columbia_UNC-SurvCon,2020-12-06,2020-12-12,inc,50,2020-12-05,474
Columbia_UNC-SurvCon,2020-12-13,2020-12-19,inc,50,2020-12-12,474
MIT_CritData-GBCF,2020-12-06,2020-12-12,inc,52,2020-12-05,104
MIT_CritData-GBCF,2020-12-13,2020-12-19,inc,52,2020-12-12,104
UA-EpiCovDA,2020-06-21,2020-06-27,inc,52,2020-06-20,1352
UA-EpiCovDA,2020-06-28,2020-07-04,inc,52,2020-06-27,1352
UA-EpiCovDA,2020-07-05,2020-07-11,inc,52,2020-07-04,1352
UA-EpiCovDA,2020-07-12,2020-07-18,inc,52,2020-07-11,1352
UA-EpiCovDA,2020-07-19,2020-07-25,inc,52,2020-07-18,1352
UA-EpiCovDA,2020-07-26,2020-08-01,inc,52,2020-07-25,1352
UA-EpiCovDA,2020-08-02,2020-08-08,inc,52,2020-08-01,1352
UA-EpiCovDA,2020-08-09,2020-08-15,inc,52,2020-08-08,1352
UA-EpiCovDA,2020-08-16,2020-08-22,inc,52,2020-08-15,1352
UA-EpiCovDA,2020-08-23,2020-08-29,inc,52,2020-08-22,1352
UA-EpiCovDA,2020-08-30,2020-09-05,inc,52,2020-08-29,1352
UA-EpiCovDA,2020-09-06,2020-09-12,inc,52,2020-09-05,1352
UA-EpiCovDA,2020-09-13,2020-09-19,inc,52,2020-09-12,1352
UA-EpiCovDA,2020-09-20,2020-09-26,inc,52,2020-09-19,1352
UA-EpiCovDA,2020-09-27,2020-10-03,inc,52,2020-09-26,1352
UA-EpiCovDA,2020-10-04,2020-10-10,inc,52,2020-10-03,1352
UA-EpiCovDA,2020-10-11,2020-10-17,inc,52,2020-10-10,1352
UA-EpiCovDA,2020-10-18,2020-10-24,inc,52,2020-10-17,1352
UA-EpiCovDA,2020-10-25,2020-10-31,inc,52,2020-10-24,1352
UA-EpiCovDA,2020-11-01,2020-11-07,inc,52,2020-10-31,1352
UA-EpiCovDA,2020-11-08,2020-11-14,inc,52,2020-11-07,1352
UA-EpiCovDA,2020-11-15,2020-11-21,inc,52,2020-11-14,1352
UA-EpiCovDA,2020-11-22,2020-11-28,inc,52,2020-11-21,1352
UA-EpiCovDA,2020-11-29,2020-12-05,inc,52,2020-11-28,1352
UA-EpiCovDA,2020-12-06,2020-12-12,inc,52,2020-12-05,1352
UA-EpiCovDA,2020-12-13,2020-12-19,inc,52,2020-12-12,1352
SteveMcConnell-CovidComplete,2020-08-24,2020-08-29,inc,52,2020-08-22,884
SteveMcConnell-CovidComplete,2020-08-31,2020-09-05,inc,52,2020-08-29,884
SteveMcConnell-CovidComplete,2020-09-07,2020-09-12,inc,52,2020-09-05,884
SteveMcConnell-CovidComplete,2020-09-14,2020-09-19,inc,52,2020-09-12,884
SteveMcConnell-CovidComplete,2020-09-21,2020-09-26,inc,52,2020-09-19,884
SteveMcConnell-CovidComplete,2020-09-28,2020-10-03,inc,52,2020-09-26,884
SteveMcConnell-CovidComplete,2020-10-05,2020-10-10,inc,52,2020-10-03,884
SteveMcConnell-CovidComplete,2020-10-12,2020-10-17,inc,52,2020-10-10,884
SteveMcConnell-CovidComplete,2020-10-19,2020-10-24,inc,52,2020-10-17,884
SteveMcConnell-CovidComplete,2020-10-26,2020-10-31,inc,52,2020-10-24,884
SteveMcConnell-CovidComplete,2020-11-02,2020-11-07,inc,52,2020-10-31,884
SteveMcConnell-CovidComplete,2020-11-09,2020-11-14,inc,52,2020-11-07,884
SteveMcConnell-CovidComplete,2020-11-16,2020-11-21,inc,52,2020-11-14,884
SteveMcConnell-CovidComplete,2020-11-23,2020-11-28,inc,52,2020-11-21,884
SteveMcConnell-CovidComplete,2020-11-30,2020-12-05,inc,52,2020-11-28,884
SteveMcConnell-CovidComplete,2020-12-07,2020-12-12,inc,52,2020-12-05,884
SteveMcConnell-CovidComplete,2020-12-14,2020-12-19,inc,52,2020-12-12,884
UCSB-ACTS,2020-10-25,2020-10-31,inc,51,2020-10-24,408
UCSB-ACTS,2020-11-01,2020-11-07,inc,51,2020-10-31,408
UCSB-ACTS,2020-11-08,2020-11-14,inc,51,2020-11-07,408
UCSB-ACTS,2020-11-15,2020-11-21,inc,51,2020-11-14,408
UCSB-ACTS,2020-11-22,2020-11-28,inc,51,2020-11-21,408
UCSB-ACTS,2020-11-29,2020-12-05,inc,51,2020-11-28,408
UCSB-ACTS,2020-12-06,2020-12-12,inc,51,2020-12-05,408
UCSB-ACTS,2020-12-13,2020-12-19,inc,51,2020-12-12,408
GT_CHHS-COVID19,2020-05-31,2020-06-06,inc,1,2020-05-30,24
GT_CHHS-COVID19,2020-06-07,2020-06-13,inc,1,2020-06-06,24
GT_CHHS-COVID19,2020-06-14,2020-06-20,inc,2,2020-06-13,24
GT_CHHS-COVID19,2020-06-21,2020-06-27,inc,2,2020-06-20,24
GT_CHHS-COVID19,2020-06-28,2020-07-04,inc,2,2020-06-27,24
GT_CHHS-COVID19,2020-07-05,2020-07-11,inc,2,2020-07-04,24
GT_CHHS-COVID19,2020-07-12,2020-07-18,inc,2,2020-07-11,24
GT_CHHS-COVID19,2020-07-19,2020-07-25,inc,2,2020-07-18,24
GT_CHHS-COVID19,2020-07-26,2020-08-01,inc,2,2020-07-25,24
GT_CHHS-COVID19,2020-08-02,2020-08-08,inc,2,2020-08-01,24
GT_CHHS-COVID19,2020-08-09,2020-08-15,inc,1,2020-08-08,24
GT_CHHS-COVID19,2020-08-16,2020-08-22,inc,1,2020-08-15,24
GT_CHHS-COVID19,2020-08-23,2020-08-29,inc,1,2020-08-22,24
GT_CHHS-COVID19,2020-08-30,2020-09-05,inc,1,2020-08-29,24
GT_CHHS-COVID19,2020-09-06,2020-09-12,inc,1,2020-09-05,24
GT_CHHS-COVID19,2020-09-13,2020-09-19,inc,1,2020-09-12,24
Imperial-ensemble2,2020-05-17,2020-05-23,inc,1,2020-05-16,7
Imperial-ensemble2,2020-05-24,2020-05-30,inc,1,2020-05-23,7
Imperial-ensemble2,2020-05-31,2020-06-06,inc,1,2020-05-30,7
Imperial-ensemble2,2020-06-07,2020-06-13,inc,1,2020-06-06,7
Imperial-ensemble2,2020-06-14,2020-06-20,inc,1,2020-06-13,7
Imperial-ensemble2,2020-06-21,2020-06-27,inc,1,2020-06-20,7
Imperial-ensemble2,2020-06-28,2020-07-04,inc,1,2020-06-27,7
JHUAPL-Bucky,2020-08-31,2020-09-05,inc,55,2020-08-29,880
JHUAPL-Bucky,2020-09-07,2020-09-12,inc,55,2020-09-05,880
JHUAPL-Bucky,2020-09-14,2020-09-19,inc,55,2020-09-12,880
JHUAPL-Bucky,2020-09-21,2020-09-26,inc,55,2020-09-19,880
JHUAPL-Bucky,2020-09-28,2020-10-03,inc,55,2020-09-26,880
JHUAPL-Bucky,2020-10-05,2020-10-10,inc,55,2020-10-03,880
JHUAPL-Bucky,2020-10-12,2020-10-17,inc,55,2020-10-10,880
JHUAPL-Bucky,2020-10-19,2020-10-24,inc,55,2020-10-17,880
JHUAPL-Bucky,2020-10-26,2020-10-31,inc,55,2020-10-24,880
JHUAPL-Bucky,2020-11-02,2020-11-07,inc,55,2020-10-31,880
JHUAPL-Bucky,2020-11-09,2020-11-14,inc,55,2020-11-07,880
JHUAPL-Bucky,2020-11-16,2020-11-21,inc,55,2020-11-14,880
JHUAPL-Bucky,2020-11-23,2020-11-28,inc,55,2020-11-21,880
JHUAPL-Bucky,2020-11-30,2020-12-05,inc,55,2020-11-28,880
JHUAPL-Bucky,2020-12-07,2020-12-12,inc,55,2020-12-05,880
JHUAPL-Bucky,2020-12-14,2020-12-19,inc,55,2020-12-12,880
UCSD_NEU-DeepGLEAM,2020-09-07,2020-09-12,inc,51,2020-09-05,765
UCSD_NEU-DeepGLEAM,2020-09-14,2020-09-19,inc,51,2020-09-12,765
UCSD_NEU-DeepGLEAM,2020-09-21,2020-09-26,inc,51,2020-09-19,765
UCSD_NEU-DeepGLEAM,2020-09-28,2020-10-03,inc,51,2020-09-26,765
UCSD_NEU-DeepGLEAM,2020-10-05,2020-10-10,inc,51,2020-10-03,765
UCSD_NEU-DeepGLEAM,2020-10-12,2020-10-17,inc,51,2020-10-10,765
UCSD_NEU-DeepGLEAM,2020-10-19,2020-10-24,inc,51,2020-10-17,765
UCSD_NEU-DeepGLEAM,2020-10-26,2020-10-31,inc,51,2020-10-24,765
UCSD_NEU-DeepGLEAM,2020-11-02,2020-11-07,inc,51,2020-10-31,765
UCSD_NEU-DeepGLEAM,2020-11-09,2020-11-14,inc,51,2020-11-07,765
UCSD_NEU-DeepGLEAM,2020-11-16,2020-11-21,inc,51,2020-11-14,765
UCSD_NEU-DeepGLEAM,2020-11-23,2020-11-28,inc,51,2020-11-21,765
UCSD_NEU-DeepGLEAM,2020-11-30,2020-12-05,inc,51,2020-11-28,765
UCSD_NEU-DeepGLEAM,2020-12-07,2020-12-12,inc,51,2020-12-05,765
UCSD_NEU-DeepGLEAM,2020-12-14,2020-12-19,inc,51,2020-12-12,765
NotreDame-mobility,2020-06-22,2020-06-27,inc,54,2020-06-20,1428
NotreDame-mobility,2020-06-29,2020-07-04,inc,55,2020-06-27,1428
NotreDame-mobility,2020-07-06,2020-07-11,inc,55,2020-07-04,1428
NotreDame-mobility,2020-07-13,2020-07-18,inc,55,2020-07-11,1428
NotreDame-mobility,2020-07-20,2020-07-25,inc,55,2020-07-18,1428
NotreDame-mobility,2020-07-27,2020-08-01,inc,55,2020-07-25,1428
NotreDame-mobility,2020-08-03,2020-08-08,inc,55,2020-08-01,1428
NotreDame-mobility,2020-08-10,2020-08-15,inc,55,2020-08-08,1428
NotreDame-mobility,2020-08-17,2020-08-22,inc,55,2020-08-15,1428
NotreDame-mobility,2020-08-24,2020-08-29,inc,55,2020-08-22,1428
NotreDame-mobility,2020-08-31,2020-09-05,inc,54,2020-08-29,1428
NotreDame-mobility,2020-09-06,2020-09-12,inc,55,2020-09-05,1428
NotreDame-mobility,2020-09-14,2020-09-19,inc,55,2020-09-12,1428
NotreDame-mobility,2020-09-21,2020-09-26,inc,55,2020-09-19,1428
NotreDame-mobility,2020-09-28,2020-10-03,inc,55,2020-09-26,1428
NotreDame-mobility,2020-10-05,2020-10-10,inc,55,2020-10-03,1428
NotreDame-mobility,2020-10-12,2020-10-17,inc,55,2020-10-10,1428
NotreDame-mobility,2020-10-19,2020-10-24,inc,55,2020-10-17,1428
NotreDame-mobility,2020-10-26,2020-10-31,inc,55,2020-10-24,1428
NotreDame-mobility,2020-11-02,2020-11-07,inc,55,2020-10-31,1428
NotreDame-mobility,2020-11-09,2020-11-14,inc,55,2020-11-07,1428
NotreDame-mobility,2020-11-16,2020-11-21,inc,55,2020-11-14,1428
NotreDame-mobility,2020-11-21,2020-11-28,inc,55,2020-11-21,1428
NotreDame-mobility,2020-11-30,2020-12-05,inc,55,2020-11-28,1428
NotreDame-mobility,2020-12-07,2020-12-12,inc,55,2020-12-05,1428
NotreDame-mobility,2020-12-14,2020-12-19,inc,55,2020-12-12,1428
NotreDame-FRED,2020-05-18,2020-05-23,inc,7,2020-05-16,210
NotreDame-FRED,2020-05-25,2020-05-30,inc,7,2020-05-23,210
NotreDame-FRED,2020-06-01,2020-06-06,inc,7,2020-05-30,210
NotreDame-FRED,2020-06-08,2020-06-13,inc,7,2020-06-06,210
NotreDame-FRED,2020-06-15,2020-06-20,inc,7,2020-06-13,210
NotreDame-FRED,2020-06-22,2020-06-27,inc,7,2020-06-20,210
NotreDame-FRED,2020-06-29,2020-07-04,inc,7,2020-06-27,210
NotreDame-FRED,2020-07-06,2020-07-11,inc,7,2020-07-04,210
NotreDame-FRED,2020-07-13,2020-07-18,inc,7,2020-07-11,210
NotreDame-FRED,2020-07-20,2020-07-25,inc,7,2020-07-18,210
NotreDame-FRED,2020-07-27,2020-08-01,inc,7,2020-07-25,210
NotreDame-FRED,2020-08-03,2020-08-08,inc,7,2020-08-01,210
NotreDame-FRED,2020-08-10,2020-08-15,inc,7,2020-08-08,210
NotreDame-FRED,2020-08-17,2020-08-22,inc,7,2020-08-15,210
NotreDame-FRED,2020-08-24,2020-08-29,inc,7,2020-08-22,210
NotreDame-FRED,2020-08-31,2020-09-05,inc,7,2020-08-29,210
NotreDame-FRED,2020-09-07,2020-09-12,inc,7,2020-09-05,210
NotreDame-FRED,2020-09-14,2020-09-19,inc,7,2020-09-12,210
NotreDame-FRED,2020-09-21,2020-09-26,inc,7,2020-09-19,210
NotreDame-FRED,2020-09-28,2020-10-03,inc,7,2020-09-26,210
NotreDame-FRED,2020-10-05,2020-10-10,inc,7,2020-10-03,210
NotreDame-FRED,2020-10-12,2020-10-17,inc,7,2020-10-10,210
NotreDame-FRED,2020-10-19,2020-10-24,inc,7,2020-10-17,210
NotreDame-FRED,2020-10-26,2020-10-31,inc,7,2020-10-24,210
NotreDame-FRED,2020-11-02,2020-11-07,inc,7,2020-10-31,210
NotreDame-FRED,2020-11-09,2020-11-14,inc,7,2020-11-07,210
NotreDame-FRED,2020-11-16,2020-11-21,inc,7,2020-11-14,210
NotreDame-FRED,2020-11-23,2020-11-28,inc,7,2020-11-21,210
NotreDame-FRED,2020-12-07,2020-12-12,inc,7,2020-12-05,210
NotreDame-FRED,2020-12-14,2020-12-19,inc,7,2020-12-12,210
UChicago-CovidIL,2020-05-18,2020-05-23,inc,1,2020-05-16,1
CovidActNow-SEIR_CAN,2020-05-31,2020-06-06,inc,51,2020-05-30,196
CovidActNow-SEIR_CAN,2020-06-07,2020-06-13,inc,51,2020-06-06,196
CovidActNow-SEIR_CAN,2020-06-14,2020-06-20,inc,51,2020-06-13,196
CovidActNow-SEIR_CAN,2020-06-21,2020-06-27,inc,43,2020-06-20,196
USACE-ERDC_SEIR,2020-06-01,2020-06-06,inc,52,2020-05-30,1248
USACE-ERDC_SEIR,2020-06-08,2020-06-13,inc,52,2020-06-06,1248
USACE-ERDC_SEIR,2020-06-15,2020-06-20,inc,52,2020-06-13,1248
USACE-ERDC_SEIR,2020-06-22,2020-06-27,inc,52,2020-06-20,1248
USACE-ERDC_SEIR,2020-06-29,2020-07-04,inc,52,2020-06-27,1248
USACE-ERDC_SEIR,2020-07-06,2020-07-11,inc,52,2020-07-04,1248
USACE-ERDC_SEIR,2020-07-13,2020-07-18,inc,52,2020-07-11,1248
USACE-ERDC_SEIR,2020-07-20,2020-07-25,inc,52,2020-07-18,1248
USACE-ERDC_SEIR,2020-07-27,2020-08-01,inc,52,2020-07-25,1248
USACE-ERDC_SEIR,2020-08-03,2020-08-08,inc,52,2020-08-01,1248
USACE-ERDC_SEIR,2020-08-10,2020-08-15,inc,52,2020-08-08,1248
USACE-ERDC_SEIR,2020-08-17,2020-08-22,inc,52,2020-08-15,1248
USACE-ERDC_SEIR,2020-08-24,2020-08-29,inc,52,2020-08-22,1248
USACE-ERDC_SEIR,2020-08-31,2020-09-05,inc,52,2020-08-29,1248
USACE-ERDC_SEIR,2020-09-07,2020-09-12,inc,52,2020-09-05,1248
USACE-ERDC_SEIR,2020-09-14,2020-09-19,inc,52,2020-09-12,1248
USACE-ERDC_SEIR,2020-09-21,2020-09-26,inc,52,2020-09-19,1248
USACE-ERDC_SEIR,2020-09-28,2020-10-03,inc,52,2020-09-26,1248
USACE-ERDC_SEIR,2020-10-12,2020-10-17,inc,52,2020-10-10,1248
USACE-ERDC_SEIR,2020-10-26,2020-10-31,inc,52,2020-10-24,1248
USACE-ERDC_SEIR,2020-11-16,2020-11-21,inc,52,2020-11-14,1248
USACE-ERDC_SEIR,2020-11-23,2020-11-28,inc,52,2020-11-21,1248
USACE-ERDC_SEIR,2020-11-30,2020-12-05,inc,52,2020-11-28,1248
USACE-ERDC_SEIR,2020-12-07,2020-12-12,inc,52,2020-12-05,1248
GT-DeepCOVID,2020-05-18,2020-05-23,inc,26,2020-05-16,1382
GT-DeepCOVID,2020-05-25,2020-05-30,inc,31,2020-05-23,1382
GT-DeepCOVID,2020-06-01,2020-06-06,inc,36,2020-05-30,1382
GT-DeepCOVID,2020-06-08,2020-06-13,inc,34,2020-06-06,1382
GT-DeepCOVID,2020-06-15,2020-06-20,inc,38,2020-06-13,1382
GT-DeepCOVID,2020-06-22,2020-06-27,inc,41,2020-06-20,1382
GT-DeepCOVID,2020-06-29,2020-07-04,inc,41,2020-06-27,1382
GT-DeepCOVID,2020-07-06,2020-07-11,inc,42,2020-07-04,1382
GT-DeepCOVID,2020-07-13,2020-07-18,inc,47,2020-07-11,1382
GT-DeepCOVID,2020-07-20,2020-07-25,inc,46,2020-07-18,1382
GT-DeepCOVID,2020-07-27,2020-08-01,inc,45,2020-07-25,1382
GT-DeepCOVID,2020-08-03,2020-08-08,inc,44,2020-08-01,1382
GT-DeepCOVID,2020-08-10,2020-08-15,inc,45,2020-08-08,1382
GT-DeepCOVID,2020-08-17,2020-08-22,inc,47,2020-08-15,1382
GT-DeepCOVID,2020-08-24,2020-08-29,inc,49,2020-08-22,1382
GT-DeepCOVID,2020-08-31,2020-09-05,inc,48,2020-08-29,1382
GT-DeepCOVID,2020-09-07,2020-09-12,inc,49,2020-09-05,1382
GT-DeepCOVID,2020-09-14,2020-09-19,inc,50,2020-09-12,1382
GT-DeepCOVID,2020-09-21,2020-09-26,inc,45,2020-09-19,1382
GT-DeepCOVID,2020-09-28,2020-10-03,inc,46,2020-09-26,1382
GT-DeepCOVID,2020-10-05,2020-10-10,inc,47,2020-10-03,1382
GT-DeepCOVID,2020-10-12,2020-10-17,inc,50,2020-10-10,1382
GT-DeepCOVID,2020-10-19,2020-10-24,inc,49,2020-10-17,1382
GT-DeepCOVID,2020-10-26,2020-10-31,inc,47,2020-10-24,1382
GT-DeepCOVID,2020-11-02,2020-11-07,inc,47,2020-10-31,1382
GT-DeepCOVID,2020-11-09,2020-11-14,inc,46,2020-11-07,1382
GT-DeepCOVID,2020-11-16,2020-11-21,inc,45,2020-11-14,1382
GT-DeepCOVID,2020-11-23,2020-11-28,inc,49,2020-11-21,1382
GT-DeepCOVID,2020-11-30,2020-12-05,inc,50,2020-11-28,1382
GT-DeepCOVID,2020-12-07,2020-12-12,inc,51,2020-12-05,1382
GT-DeepCOVID,2020-12-14,2020-12-19,inc,51,2020-12-12,1382
IowaStateLW-STEM,2020-07-05,2020-07-11,inc,50,2020-07-04,1150
IowaStateLW-STEM,2020-07-12,2020-07-18,inc,50,2020-07-11,1150
IowaStateLW-STEM,2020-07-19,2020-07-25,inc,50,2020-07-18,1150
IowaStateLW-STEM,2020-07-26,2020-08-01,inc,50,2020-07-25,1150
IowaStateLW-STEM,2020-08-02,2020-08-08,inc,50,2020-08-01,1150
IowaStateLW-STEM,2020-08-16,2020-08-22,inc,50,2020-08-15,1150
IowaStateLW-STEM,2020-08-23,2020-08-29,inc,50,2020-08-22,1150
IowaStateLW-STEM,2020-08-30,2020-09-05,inc,50,2020-08-29,1150
IowaStateLW-STEM,2020-09-06,2020-09-12,inc,50,2020-09-05,1150
IowaStateLW-STEM,2020-09-13,2020-09-19,inc,50,2020-09-12,1150
IowaStateLW-STEM,2020-09-20,2020-09-26,inc,50,2020-09-19,1150
IowaStateLW-STEM,2020-09-27,2020-10-03,inc,50,2020-09-26,1150
IowaStateLW-STEM,2020-10-04,2020-10-10,inc,50,2020-10-03,1150
IowaStateLW-STEM,2020-10-11,2020-10-17,inc,50,2020-10-10,1150
IowaStateLW-STEM,2020-10-18,2020-10-24,inc,50,2020-10-17,1150
IowaStateLW-STEM,2020-10-25,2020-10-31,inc,50,2020-10-24,1150
IowaStateLW-STEM,2020-11-01,2020-11-07,inc,50,2020-10-31,1150
IowaStateLW-STEM,2020-11-08,2020-11-14,inc,50,2020-11-07,1150
IowaStateLW-STEM,2020-11-15,2020-11-21,inc,50,2020-11-14,1150
IowaStateLW-STEM,2020-11-22,2020-11-28,inc,50,2020-11-21,1150
IowaStateLW-STEM,2020-11-29,2020-12-05,inc,50,2020-11-28,1150
IowaStateLW-STEM,2020-12-06,2020-12-12,inc,50,2020-12-05,1150
IowaStateLW-STEM,2020-12-13,2020-12-19,inc,50,2020-12-12,1150
OliverWyman-Navigator,2020-06-07,2020-06-13,inc,48,2020-06-06,1452
OliverWyman-Navigator,2020-06-14,2020-06-20,inc,52,2020-06-13,1452
OliverWyman-Navigator,2020-06-21,2020-06-27,inc,52,2020-06-20,1452
OliverWyman-Navigator,2020-06-28,2020-07-04,inc,52,2020-06-27,1452
OliverWyman-Navigator,2020-07-05,2020-07-11,inc,52,2020-07-04,1452
OliverWyman-Navigator,2020-07-12,2020-07-18,inc,52,2020-07-11,1452
OliverWyman-Navigator,2020-07-19,2020-07-25,inc,52,2020-07-18,1452
OliverWyman-Navigator,2020-07-26,2020-08-01,inc,52,2020-07-25,1452
OliverWyman-Navigator,2020-08-02,2020-08-08,inc,52,2020-08-01,1452
OliverWyman-Navigator,2020-08-09,2020-08-15,inc,52,2020-08-08,1452
OliverWyman-Navigator,2020-08-16,2020-08-22,inc,52,2020-08-15,1452
OliverWyman-Navigator,2020-08-23,2020-08-29,inc,52,2020-08-22,1452
OliverWyman-Navigator,2020-08-30,2020-09-05,inc,52,2020-08-29,1452
OliverWyman-Navigator,2020-09-06,2020-09-12,inc,52,2020-09-05,1452
OliverWyman-Navigator,2020-09-13,2020-09-19,inc,52,2020-09-12,1452
OliverWyman-Navigator,2020-09-20,2020-09-26,inc,52,2020-09-19,1452
OliverWyman-Navigator,2020-09-27,2020-10-03,inc,52,2020-09-26,1452
OliverWyman-Navigator,2020-10-04,2020-10-10,inc,52,2020-10-03,1452
OliverWyman-Navigator,2020-10-11,2020-10-17,inc,52,2020-10-10,1452
OliverWyman-Navigator,2020-10-18,2020-10-24,inc,52,2020-10-17,1452
OliverWyman-Navigator,2020-10-25,2020-10-31,inc,52,2020-10-24,1452
OliverWyman-Navigator,2020-11-01,2020-11-07,inc,52,2020-10-31,1452
OliverWyman-Navigator,2020-11-08,2020-11-14,inc,52,2020-11-07,1452
OliverWyman-Navigator,2020-11-15,2020-11-21,inc,52,2020-11-14,1452
OliverWyman-Navigator,2020-11-22,2020-11-28,inc,52,2020-11-21,1452
OliverWyman-Navigator,2020-11-29,2020-12-05,inc,52,2020-11-28,1452
OliverWyman-Navigator,2020-12-06,2020-12-12,inc,52,2020-12-05,1452
OliverWyman-Navigator,2020-12-13,2020-12-19,inc,52,2020-12-12,1452
SWC-TerminusCM,2020-06-07,2020-06-13,inc,49,2020-06-06,152
SWC-TerminusCM,2020-06-15,2020-06-20,inc,51,2020-06-13,152
SWC-TerminusCM,2020-06-29,2020-07-04,inc,52,2020-06-27,152
IHME-CurveFit,2020-05-18,2020-05-23,inc,52,2020-05-16,1092
IHME-CurveFit,2020-05-29,2020-06-06,inc,52,2020-05-30,1092
IHME-CurveFit,2020-06-08,2020-06-13,inc,52,2020-06-06,1092
IHME-CurveFit,2020-06-15,2020-06-20,inc,52,2020-06-13,1092
IHME-CurveFit,2020-06-22,2020-06-27,inc,52,2020-06-20,1092
IHME-CurveFit,2020-06-29,2020-07-04,inc,52,2020-06-27,1092
IHME-CurveFit,2020-07-06,2020-07-11,inc,52,2020-07-04,1092
IHME-CurveFit,2020-07-17,2020-07-25,inc,52,2020-07-18,1092
IHME-CurveFit,2020-07-23,2020-08-01,inc,52,2020-07-25,1092
IHME-CurveFit,2020-07-30,2020-08-08,inc,52,2020-08-01,1092
IHME-CurveFit,2020-08-06,2020-08-15,inc,52,2020-08-08,1092
IHME-CurveFit,2020-08-24,2020-08-29,inc,52,2020-08-22,1092
IHME-CurveFit,2020-08-27,2020-09-05,inc,52,2020-08-29,1092
IHME-CurveFit,2020-09-03,2020-09-12,inc,52,2020-09-05,1092
IHME-CurveFit,2020-09-21,2020-09-26,inc,52,2020-09-19,1092
IHME-CurveFit,2020-09-28,2020-10-03,inc,52,2020-09-26,1092
IHME-CurveFit,2020-10-16,2020-10-24,inc,52,2020-10-17,1092
IHME-CurveFit,2020-10-26,2020-10-31,inc,52,2020-10-24,1092
IHME-CurveFit,2020-11-23,2020-11-28,inc,52,2020-11-21,1092
IHME-CurveFit,2020-12-07,2020-12-12,inc,52,2020-12-05,1092
IHME-CurveFit,2020-12-10,2020-12-19,inc,52,2020-12-12,1092
RobertWalraven-ESG,2020-07-06,2020-07-11,inc,53,2020-07-04,1294
RobertWalraven-ESG,2020-07-12,2020-07-18,inc,53,2020-07-11,1294
RobertWalraven-ESG,2020-07-20,2020-07-25,inc,50,2020-07-18,1294
RobertWalraven-ESG,2020-07-27,2020-08-01,inc,50,2020-07-25,1294
RobertWalraven-ESG,2020-08-03,2020-08-08,inc,52,2020-08-01,1294
RobertWalraven-ESG,2020-08-10,2020-08-15,inc,52,2020-08-08,1294
RobertWalraven-ESG,2020-08-17,2020-08-22,inc,52,2020-08-15,1294
RobertWalraven-ESG,2020-08-24,2020-08-29,inc,53,2020-08-22,1294
RobertWalraven-ESG,2020-08-30,2020-09-05,inc,55,2020-08-29,1294
RobertWalraven-ESG,2020-09-07,2020-09-12,inc,55,2020-09-05,1294
RobertWalraven-ESG,2020-09-14,2020-09-19,inc,55,2020-09-12,1294
RobertWalraven-ESG,2020-09-21,2020-09-26,inc,55,2020-09-19,1294
RobertWalraven-ESG,2020-09-28,2020-10-03,inc,54,2020-09-26,1294
RobertWalraven-ESG,2020-10-05,2020-10-10,inc,55,2020-10-03,1294
RobertWalraven-ESG,2020-10-12,2020-10-17,inc,55,2020-10-10,1294
RobertWalraven-ESG,2020-10-19,2020-10-24,inc,55,2020-10-17,1294
RobertWalraven-ESG,2020-10-26,2020-10-31,inc,55,2020-10-24,1294
RobertWalraven-ESG,2020-11-02,2020-11-07,inc,55,2020-10-31,1294
RobertWalraven-ESG,2020-11-09,2020-11-14,inc,55,2020-11-07,1294
RobertWalraven-ESG,2020-11-16,2020-11-21,inc,55,2020-11-14,1294
RobertWalraven-ESG,2020-11-23,2020-11-28,inc,55,2020-11-21,1294
RobertWalraven-ESG,2020-11-30,2020-12-05,inc,55,2020-11-28,1294
RobertWalraven-ESG,2020-12-07,2020-12-12,inc,55,2020-12-05,1294
RobertWalraven-ESG,2020-12-14,2020-12-19,inc,55,2020-12-12,1294
COVIDhub-ensemble,2020-06-08,2020-06-13,inc,55,2020-06-06,1540
COVIDhub-ensemble,2020-06-15,2020-06-20,inc,55,2020-06-13,1540
COVIDhub-ensemble,2020-06-22,2020-06-27,inc,55,2020-06-20,1540
COVIDhub-ensemble,2020-06-29,2020-07-04,inc,55,2020-06-27,1540
COVIDhub-ensemble,2020-07-06,2020-07-11,inc,55,2020-07-04,1540
COVIDhub-ensemble,2020-07-13,2020-07-18,inc,55,2020-07-11,1540
COVIDhub-ensemble,2020-07-20,2020-07-25,inc,55,2020-07-18,1540
COVIDhub-ensemble,2020-07-27,2020-08-01,inc,55,2020-07-25,1540
COVIDhub-ensemble,2020-08-03,2020-08-08,inc,55,2020-08-01,1540
COVIDhub-ensemble,2020-08-10,2020-08-15,inc,55,2020-08-08,1540
COVIDhub-ensemble,2020-08-17,2020-08-22,inc,55,2020-08-15,1540
COVIDhub-ensemble,2020-08-24,2020-08-29,inc,55,2020-08-22,1540
COVIDhub-ensemble,2020-08-31,2020-09-05,inc,55,2020-08-29,1540
COVIDhub-ensemble,2020-09-07,2020-09-12,inc,55,2020-09-05,1540
COVIDhub-ensemble,2020-09-14,2020-09-19,inc,55,2020-09-12,1540
COVIDhub-ensemble,2020-09-21,2020-09-26,inc,55,2020-09-19,1540
COVIDhub-ensemble,2020-09-28,2020-10-03,inc,55,2020-09-26,1540
COVIDhub-ensemble,2020-10-05,2020-10-10,inc,55,2020-10-03,1540
COVIDhub-ensemble,2020-10-12,2020-10-17,inc,55,2020-10-10,1540
COVIDhub-ensemble,2020-10-19,2020-10-24,inc,55,2020-10-17,1540
COVIDhub-ensemble,2020-10-26,2020-10-31,inc,55,2020-10-24,1540
COVIDhub-ensemble,2020-11-02,2020-11-07,inc,55,2020-10-31,1540
COVIDhub-ensemble,2020-11-09,2020-11-14,inc,55,2020-11-07,1540
COVIDhub-ensemble,2020-11-16,2020-11-21,inc,55,2020-11-14,1540
COVIDhub-ensemble,2020-11-23,2020-11-28,inc,55,2020-11-21,1540
COVIDhub-ensemble,2020-11-30,2020-12-05,inc,55,2020-11-28,1540
COVIDhub-ensemble,2020-12-07,2020-12-12,inc,55,2020-12-05,1540
COVIDhub-ensemble,2020-12-14,2020-12-19,inc,55,2020-12-12,1540
epiforecasts-ensemble1,2020-06-15,2020-06-20,inc,16,2020-06-13,1087
epiforecasts-ensemble1,2020-06-22,2020-06-27,inc,15,2020-06-20,1087
epiforecasts-ensemble1,2020-06-29,2020-07-04,inc,15,2020-06-27,1087
epiforecasts-ensemble1,2020-07-06,2020-07-11,inc,23,2020-07-04,1087
epiforecasts-ensemble1,2020-07-13,2020-07-18,inc,24,2020-07-11,1087
epiforecasts-ensemble1,2020-07-19,2020-07-25,inc,24,2020-07-18,1087
epiforecasts-ensemble1,2020-07-26,2020-08-01,inc,24,2020-07-25,1087
epiforecasts-ensemble1,2020-08-03,2020-08-08,inc,30,2020-08-01,1087
epiforecasts-ensemble1,2020-08-10,2020-08-15,inc,28,2020-08-08,1087
epiforecasts-ensemble1,2020-08-17,2020-08-22,inc,47,2020-08-15,1087
epiforecasts-ensemble1,2020-08-24,2020-08-29,inc,50,2020-08-22,1087
epiforecasts-ensemble1,2020-08-31,2020-09-05,inc,48,2020-08-29,1087
epiforecasts-ensemble1,2020-09-07,2020-09-12,inc,48,2020-09-05,1087
epiforecasts-ensemble1,2020-09-14,2020-09-19,inc,49,2020-09-12,1087
epiforecasts-ensemble1,2020-09-21,2020-09-26,inc,46,2020-09-19,1087
epiforecasts-ensemble1,2020-09-28,2020-10-03,inc,50,2020-09-26,1087
epiforecasts-ensemble1,2020-10-05,2020-10-10,inc,50,2020-10-03,1087
epiforecasts-ensemble1,2020-10-12,2020-10-17,inc,50,2020-10-10,1087
epiforecasts-ensemble1,2020-10-19,2020-10-24,inc,48,2020-10-17,1087
epiforecasts-ensemble1,2020-10-26,2020-10-31,inc,44,2020-10-24,1087
epiforecasts-ensemble1,2020-11-02,2020-11-07,inc,49,2020-10-31,1087
epiforecasts-ensemble1,2020-11-09,2020-11-14,inc,50,2020-11-07,1087
epiforecasts-ensemble1,2020-11-16,2020-11-21,inc,50,2020-11-14,1087
epiforecasts-ensemble1,2020-11-23,2020-11-28,inc,49,2020-11-21,1087
epiforecasts-ensemble1,2020-11-30,2020-12-05,inc,53,2020-11-28,1087
epiforecasts-ensemble1,2020-12-07,2020-12-12,inc,52,2020-12-05,1087
epiforecasts-ensemble1,2020-12-14,2020-12-19,inc,55,2020-12-12,1087
CEID-Walk,2020-08-09,2020-08-15,inc,55,2020-08-08,1045
CEID-Walk,2020-08-16,2020-08-22,inc,55,2020-08-15,1045
CEID-Walk,2020-08-23,2020-08-29,inc,55,2020-08-22,1045
CEID-Walk,2020-08-30,2020-09-05,inc,55,2020-08-29,1045
CEID-Walk,2020-09-06,2020-09-12,inc,55,2020-09-05,1045
CEID-Walk,2020-09-13,2020-09-19,inc,55,2020-09-12,1045
CEID-Walk,2020-09-20,2020-09-26,inc,55,2020-09-19,1045
CEID-Walk,2020-09-27,2020-10-03,inc,55,2020-09-26,1045
CEID-Walk,2020-10-04,2020-10-10,inc,55,2020-10-03,1045
CEID-Walk,2020-10-11,2020-10-17,inc,55,2020-10-10,1045
CEID-Walk,2020-10-18,2020-10-24,inc,55,2020-10-17,1045
CEID-Walk,2020-10-25,2020-10-31,inc,55,2020-10-24,1045
CEID-Walk,2020-11-01,2020-11-07,inc,55,2020-10-31,1045
CEID-Walk,2020-11-09,2020-11-14,inc,55,2020-11-07,1045
CEID-Walk,2020-11-16,2020-11-21,inc,55,2020-11-14,1045
CEID-Walk,2020-11-23,2020-11-28,inc,55,2020-11-21,1045
CEID-Walk,2020-11-30,2020-12-05,inc,55,2020-11-28,1045
CEID-Walk,2020-12-07,2020-12-12,inc,55,2020-12-05,1045
CEID-Walk,2020-12-14,2020-12-19,inc,55,2020-12-12,1045
Wadhwani_AI-BayesOpt,2020-12-06,2020-12-12,inc,46,2020-12-05,92
Wadhwani_AI-BayesOpt,2020-12-14,2020-12-19,inc,46,2020-12-12,92
COVIDhub-baseline,2020-05-18,2020-05-23,inc,55,2020-05-16,1705
COVIDhub-baseline,2020-05-25,2020-05-30,inc,55,2020-05-23,1705
COVIDhub-baseline,2020-06-01,2020-06-06,inc,55,2020-05-30,1705
COVIDhub-baseline,2020-06-08,2020-06-13,inc,55,2020-06-06,1705
COVIDhub-baseline,2020-06-15,2020-06-20,inc,55,2020-06-13,1705
COVIDhub-baseline,2020-06-22,2020-06-27,inc,55,2020-06-20,1705
COVIDhub-baseline,2020-06-29,2020-07-04,inc,55,2020-06-27,1705
COVIDhub-baseline,2020-07-06,2020-07-11,inc,55,2020-07-04,1705
COVIDhub-baseline,2020-07-13,2020-07-18,inc,55,2020-07-11,1705
COVIDhub-baseline,2020-07-20,2020-07-25,inc,55,2020-07-18,1705
COVIDhub-baseline,2020-07-27,2020-08-01,inc,55,2020-07-25,1705
COVIDhub-baseline,2020-08-03,2020-08-08,inc,55,2020-08-01,1705
COVIDhub-baseline,2020-08-10,2020-08-15,inc,55,2020-08-08,1705
COVIDhub-baseline,2020-08-17,2020-08-22,inc,55,2020-08-15,1705
COVIDhub-baseline,2020-08-24,2020-08-29,inc,55,2020-08-22,1705
COVIDhub-baseline,2020-08-31,2020-09-05,inc,55,2020-08-29,1705
COVIDhub-baseline,2020-09-07,2020-09-12,inc,55,2020-09-05,1705
COVIDhub-baseline,2020-09-14,2020-09-19,inc,55,2020-09-12,1705
COVIDhub-baseline,2020-09-21,2020-09-26,inc,55,2020-09-19,1705
COVIDhub-baseline,2020-09-28,2020-10-03,inc,55,2020-09-26,1705
COVIDhub-baseline,2020-10-05,2020-10-10,inc,55,2020-10-03,1705
COVIDhub-baseline,2020-10-12,2020-10-17,inc,55,2020-10-10,1705
COVIDhub-baseline,2020-10-19,2020-10-24,inc,55,2020-10-17,1705
COVIDhub-baseline,2020-10-26,2020-10-31,inc,55,2020-10-24,1705
COVIDhub-baseline,2020-11-02,2020-11-07,inc,55,2020-10-31,1705
COVIDhub-baseline,2020-11-09,2020-11-14,inc,55,2020-11-07,1705
COVIDhub-baseline,2020-11-16,2020-11-21,inc,55,2020-11-14,1705
COVIDhub-baseline,2020-11-23,2020-11-28,inc,55,2020-11-21,1705
COVIDhub-baseline,2020-11-30,2020-12-05,inc,55,2020-11-28,1705
COVIDhub-baseline,2020-12-07,2020-12-12,inc,55,2020-12-05,1705
COVIDhub-baseline,2020-12-14,2020-12-19,inc,55,2020-12-12,1705
Google_Harvard-CPF,2020-10-04,2020-10-10,inc,51,2020-10-03,102
Google_Harvard-CPF,2020-10-11,2020-10-17,inc,51,2020-10-10,102
UCLA-SuEIR,2020-06-14,2020-06-20,inc,52,2020-06-13,1456
UCLA-SuEIR,2020-06-21,2020-06-27,inc,52,2020-06-20,1456
UCLA-SuEIR,2020-06-28,2020-07-04,inc,55,2020-06-27,1456
UCLA-SuEIR,2020-07-05,2020-07-11,inc,55,2020-07-04,1456
UCLA-SuEIR,2020-07-12,2020-07-18,inc,54,2020-07-11,1456
UCLA-SuEIR,2020-07-19,2020-07-25,inc,54,2020-07-18,1456
UCLA-SuEIR,2020-07-26,2020-08-01,inc,54,2020-07-25,1456
UCLA-SuEIR,2020-08-02,2020-08-08,inc,54,2020-08-01,1456
UCLA-SuEIR,2020-08-09,2020-08-15,inc,54,2020-08-08,1456
UCLA-SuEIR,2020-08-16,2020-08-22,inc,54,2020-08-15,1456
UCLA-SuEIR,2020-08-23,2020-08-29,inc,54,2020-08-22,1456
UCLA-SuEIR,2020-08-30,2020-09-05,inc,54,2020-08-29,1456
UCLA-SuEIR,2020-09-06,2020-09-12,inc,54,2020-09-05,1456
UCLA-SuEIR,2020-09-13,2020-09-19,inc,54,2020-09-12,1456
UCLA-SuEIR,2020-09-20,2020-09-26,inc,54,2020-09-19,1456
UCLA-SuEIR,2020-09-27,2020-10-03,inc,54,2020-09-26,1456
UCLA-SuEIR,2020-10-04,2020-10-10,inc,54,2020-10-03,1456
UCLA-SuEIR,2020-10-11,2020-10-17,inc,54,2020-10-10,1456
UCLA-SuEIR,2020-10-18,2020-10-24,inc,54,2020-10-17,1456
UCLA-SuEIR,2020-10-25,2020-10-31,inc,54,2020-10-24,1456
UCLA-SuEIR,2020-11-01,2020-11-07,inc,54,2020-10-31,1456
UCLA-SuEIR,2020-11-08,2020-11-14,inc,54,2020-11-07,1456
UCLA-SuEIR,2020-11-15,2020-11-21,inc,54,2020-11-14,1456
UCLA-SuEIR,2020-11-22,2020-11-28,inc,54,2020-11-21,1456
UCLA-SuEIR,2020-11-29,2020-12-05,inc,54,2020-11-28,1456
UCLA-SuEIR,2020-12-06,2020-12-12,inc,54,2020-12-05,1456
UCLA-SuEIR,2020-12-13,2020-12-19,inc,54,2020-12-12,1456
Microsoft-DeepSTIA,2020-12-07,2020-12-12,inc,51,2020-12-05,102
Microsoft-DeepSTIA,2020-12-14,2020-12-19,inc,51,2020-12-12,102
Covid19Sim-Simulator,2020-05-24,2020-05-30,inc,53,2020-05-23,1431
Covid19Sim-Simulator,2020-05-31,2020-06-06,inc,53,2020-05-30,1431
Covid19Sim-Simulator,2020-06-07,2020-06-13,inc,53,2020-06-06,1431
Covid19Sim-Simulator,2020-06-14,2020-06-20,inc,53,2020-06-13,1431
Covid19Sim-Simulator,2020-06-21,2020-06-27,inc,53,2020-06-20,1431
Covid19Sim-Simulator,2020-06-28,2020-07-04,inc,53,2020-06-27,1431
Covid19Sim-Simulator,2020-07-05,2020-07-11,inc,53,2020-07-04,1431
Covid19Sim-Simulator,2020-07-12,2020-07-18,inc,53,2020-07-11,1431
Covid19Sim-Simulator,2020-07-19,2020-07-25,inc,53,2020-07-18,1431
Covid19Sim-Simulator,2020-07-26,2020-08-01,inc,53,2020-07-25,1431
Covid19Sim-Simulator,2020-08-02,2020-08-08,inc,53,2020-08-01,1431
Covid19Sim-Simulator,2020-08-23,2020-08-29,inc,53,2020-08-22,1431
Covid19Sim-Simulator,2020-08-30,2020-09-05,inc,53,2020-08-29,1431
Covid19Sim-Simulator,2020-09-06,2020-09-12,inc,53,2020-09-05,1431
Covid19Sim-Simulator,2020-09-13,2020-09-19,inc,53,2020-09-12,1431
Covid19Sim-Simulator,2020-09-20,2020-09-26,inc,53,2020-09-19,1431
Covid19Sim-Simulator,2020-09-27,2020-10-03,inc,53,2020-09-26,1431
Covid19Sim-Simulator,2020-10-04,2020-10-10,inc,53,2020-10-03,1431
Covid19Sim-Simulator,2020-10-11,2020-10-17,inc,53,2020-10-10,1431
Covid19Sim-Simulator,2020-10-18,2020-10-24,inc,53,2020-10-17,1431
Covid19Sim-Simulator,2020-10-25,2020-10-31,inc,53,2020-10-24,1431
Covid19Sim-Simulator,2020-11-01,2020-11-07,inc,53,2020-10-31,1431
Covid19Sim-Simulator,2020-11-08,2020-11-14,inc,53,2020-11-07,1431
Covid19Sim-Simulator,2020-11-22,2020-11-28,inc,53,2020-11-21,1431
Covid19Sim-Simulator,2020-11-29,2020-12-05,inc,53,2020-11-28,1431
Covid19Sim-Simulator,2020-12-06,2020-12-12,inc,53,2020-12-05,1431
Covid19Sim-Simulator,2020-12-13,2020-12-19,inc,53,2020-12-12,1431
UT-Mobility,2020-05-18,2020-05-23,inc,52,2020-05-16,1456
UT-Mobility,2020-05-25,2020-05-30,inc,52,2020-05-23,1456
UT-Mobility,2020-06-01,2020-06-06,inc,52,2020-05-30,1456
UT-Mobility,2020-06-08,2020-06-13,inc,52,2020-06-06,1456
UT-Mobility,2020-06-15,2020-06-20,inc,52,2020-06-13,1456
UT-Mobility,2020-06-22,2020-06-27,inc,52,2020-06-20,1456
UT-Mobility,2020-06-29,2020-07-04,inc,52,2020-06-27,1456
UT-Mobility,2020-07-06,2020-07-11,inc,52,2020-07-04,1456
UT-Mobility,2020-07-13,2020-07-18,inc,52,2020-07-11,1456
UT-Mobility,2020-07-20,2020-07-25,inc,52,2020-07-18,1456
UT-Mobility,2020-07-27,2020-08-01,inc,52,2020-07-25,1456
UT-Mobility,2020-08-03,2020-08-08,inc,52,2020-08-01,1456
UT-Mobility,2020-08-17,2020-08-22,inc,52,2020-08-15,1456
UT-Mobility,2020-08-24,2020-08-29,inc,52,2020-08-22,1456
UT-Mobility,2020-09-14,2020-09-19,inc,52,2020-09-12,1456
UT-Mobility,2020-09-21,2020-09-26,inc,52,2020-09-19,1456
UT-Mobility,2020-09-28,2020-10-03,inc,52,2020-09-26,1456
UT-Mobility,2020-10-05,2020-10-10,inc,52,2020-10-03,1456
UT-Mobility,2020-10-12,2020-10-17,inc,52,2020-10-10,1456
UT-Mobility,2020-10-19,2020-10-24,inc,52,2020-10-17,1456
UT-Mobility,2020-10-26,2020-10-31,inc,52,2020-10-24,1456
UT-Mobility,2020-11-02,2020-11-07,inc,52,2020-10-31,1456
UT-Mobility,2020-11-09,2020-11-14,inc,52,2020-11-07,1456
UT-Mobility,2020-11-16,2020-11-21,inc,52,2020-11-14,1456
UT-Mobility,2020-11-23,2020-11-28,inc,52,2020-11-21,1456
UT-Mobility,2020-11-30,2020-12-05,inc,52,2020-11-28,1456
UT-Mobility,2020-12-07,2020-12-12,inc,52,2020-12-05,1456
UT-Mobility,2020-12-14,2020-12-19,inc,52,2020-12-12,1456
MOBS-GLEAM_COVID,2020-05-18,2020-05-23,inc,51,2020-05-16,1581
MOBS-GLEAM_COVID,2020-05-25,2020-05-30,inc,51,2020-05-23,1581
MOBS-GLEAM_COVID,2020-06-01,2020-06-06,inc,51,2020-05-30,1581
MOBS-GLEAM_COVID,2020-06-08,2020-06-13,inc,51,2020-06-06,1581
MOBS-GLEAM_COVID,2020-06-15,2020-06-20,inc,51,2020-06-13,1581
MOBS-GLEAM_COVID,2020-06-22,2020-06-27,inc,51,2020-06-20,1581
MOBS-GLEAM_COVID,2020-06-29,2020-07-04,inc,51,2020-06-27,1581
MOBS-GLEAM_COVID,2020-07-06,2020-07-11,inc,51,2020-07-04,1581
MOBS-GLEAM_COVID,2020-07-13,2020-07-18,inc,51,2020-07-11,1581
MOBS-GLEAM_COVID,2020-07-20,2020-07-25,inc,51,2020-07-18,1581
MOBS-GLEAM_COVID,2020-07-27,2020-08-01,inc,51,2020-07-25,1581
MOBS-GLEAM_COVID,2020-08-03,2020-08-08,inc,51,2020-08-01,1581
MOBS-GLEAM_COVID,2020-08-10,2020-08-15,inc,51,2020-08-08,1581
MOBS-GLEAM_COVID,2020-08-17,2020-08-22,inc,51,2020-08-15,1581
MOBS-GLEAM_COVID,2020-08-24,2020-08-29,inc,51,2020-08-22,1581
MOBS-GLEAM_COVID,2020-08-31,2020-09-05,inc,51,2020-08-29,1581
MOBS-GLEAM_COVID,2020-09-07,2020-09-12,inc,51,2020-09-05,1581
MOBS-GLEAM_COVID,2020-09-14,2020-09-19,inc,51,2020-09-12,1581
MOBS-GLEAM_COVID,2020-09-21,2020-09-26,inc,51,2020-09-19,1581
MOBS-GLEAM_COVID,2020-09-28,2020-10-03,inc,51,2020-09-26,1581
MOBS-GLEAM_COVID,2020-10-05,2020-10-10,inc,51,2020-10-03,1581
MOBS-GLEAM_COVID,2020-10-12,2020-10-17,inc,51,2020-10-10,1581
MOBS-GLEAM_COVID,2020-10-19,2020-10-24,inc,51,2020-10-17,1581
MOBS-GLEAM_COVID,2020-10-26,2020-10-31,inc,51,2020-10-24,1581
MOBS-GLEAM_COVID,2020-11-02,2020-11-07,inc,51,2020-10-31,1581
MOBS-GLEAM_COVID,2020-11-09,2020-11-14,inc,51,2020-11-07,1581
MOBS-GLEAM_COVID,2020-11-16,2020-11-21,inc,51,2020-11-14,1581
MOBS-GLEAM_COVID,2020-11-23,2020-11-28,inc,51,2020-11-21,1581
MOBS-GLEAM_COVID,2020-11-30,2020-12-05,inc,51,2020-11-28,1581
MOBS-GLEAM_COVID,2020-12-07,2020-12-12,inc,51,2020-12-05,1581
MOBS-GLEAM_COVID,2020-12-14,2020-12-19,inc,51,2020-12-12,1581
QJHong-Encounter,2020-12-06,2020-12-12,inc,1,2020-12-05,2
QJHong-Encounter,2020-12-13,2020-12-19,inc,1,2020-12-12,2
MITCovAlliance-SIR,2020-06-18,2020-06-27,inc,51,2020-06-20,675
MITCovAlliance-SIR,2020-06-28,2020-07-04,inc,52,2020-06-27,675
MITCovAlliance-SIR,2020-07-05,2020-07-11,inc,52,2020-07-04,675
MITCovAlliance-SIR,2020-07-12,2020-07-18,inc,52,2020-07-11,675
MITCovAlliance-SIR,2020-07-19,2020-07-25,inc,52,2020-07-18,675
MITCovAlliance-SIR,2020-07-26,2020-08-01,inc,52,2020-07-25,675
MITCovAlliance-SIR,2020-08-03,2020-08-08,inc,52,2020-08-01,675
MITCovAlliance-SIR,2020-08-17,2020-08-22,inc,52,2020-08-15,675
MITCovAlliance-SIR,2020-09-06,2020-09-12,inc,52,2020-09-05,675
MITCovAlliance-SIR,2020-09-13,2020-09-19,inc,52,2020-09-12,675
MITCovAlliance-SIR,2020-09-21,2020-09-26,inc,52,2020-09-19,675
MITCovAlliance-SIR,2020-09-28,2020-10-03,inc,52,2020-09-26,675
MITCovAlliance-SIR,2020-10-19,2020-10-24,inc,52,2020-10-17,675
PSI-DRAFT,2020-07-06,2020-07-11,inc,55,2020-07-04,1317
PSI-DRAFT,2020-07-13,2020-07-18,inc,55,2020-07-11,1317
PSI-DRAFT,2020-07-20,2020-07-25,inc,52,2020-07-18,1317
PSI-DRAFT,2020-07-27,2020-08-01,inc,55,2020-07-25,1317
PSI-DRAFT,2020-08-03,2020-08-08,inc,55,2020-08-01,1317
PSI-DRAFT,2020-08-10,2020-08-15,inc,55,2020-08-08,1317
PSI-DRAFT,2020-08-17,2020-08-22,inc,55,2020-08-15,1317
PSI-DRAFT,2020-08-24,2020-08-29,inc,55,2020-08-22,1317
PSI-DRAFT,2020-08-31,2020-09-05,inc,55,2020-08-29,1317
PSI-DRAFT,2020-09-07,2020-09-12,inc,55,2020-09-05,1317
PSI-DRAFT,2020-09-14,2020-09-19,inc,55,2020-09-12,1317
PSI-DRAFT,2020-09-21,2020-09-26,inc,55,2020-09-19,1317
PSI-DRAFT,2020-09-28,2020-10-03,inc,55,2020-09-26,1317
PSI-DRAFT,2020-10-05,2020-10-10,inc,55,2020-10-03,1317
PSI-DRAFT,2020-10-12,2020-10-17,inc,55,2020-10-10,1317
PSI-DRAFT,2020-10-19,2020-10-24,inc,55,2020-10-17,1317
PSI-DRAFT,2020-10-26,2020-10-31,inc,55,2020-10-24,1317
PSI-DRAFT,2020-11-02,2020-11-07,inc,55,2020-10-31,1317
PSI-DRAFT,2020-11-09,2020-11-14,inc,55,2020-11-07,1317
PSI-DRAFT,2020-11-16,2020-11-21,inc,55,2020-11-14,1317
PSI-DRAFT,2020-11-23,2020-11-28,inc,55,2020-11-21,1317
PSI-DRAFT,2020-11-30,2020-12-05,inc,55,2020-11-28,1317
PSI-DRAFT,2020-12-07,2020-12-12,inc,55,2020-12-05,1317
PSI-DRAFT,2020-12-14,2020-12-19,inc,55,2020-12-12,1317
JHU_CSSE-DECOM,2020-10-05,2020-10-10,inc,50,2020-10-03,523
JHU_CSSE-DECOM,2020-10-19,2020-10-24,inc,51,2020-10-17,523
JHU_CSSE-DECOM,2020-10-25,2020-10-31,inc,52,2020-10-24,523
JHU_CSSE-DECOM,2020-11-01,2020-11-07,inc,52,2020-10-31,523
JHU_CSSE-DECOM,2020-11-08,2020-11-14,inc,52,2020-11-07,523
JHU_CSSE-DECOM,2020-11-15,2020-11-21,inc,52,2020-11-14,523
JHU_CSSE-DECOM,2020-11-22,2020-11-28,inc,52,2020-11-21,523
JHU_CSSE-DECOM,2020-11-29,2020-12-05,inc,52,2020-11-28,523
JHU_CSSE-DECOM,2020-12-06,2020-12-12,inc,55,2020-12-05,523
JHU_CSSE-DECOM,2020-12-13,2020-12-19,inc,55,2020-12-12,523
MSRA-DeepST,2020-10-19,2020-10-24,inc,48,2020-10-17,348
MSRA-DeepST,2020-11-02,2020-11-07,inc,48,2020-10-31,348
MSRA-DeepST,2020-11-09,2020-11-14,inc,48,2020-11-07,348
MSRA-DeepST,2020-11-16,2020-11-21,inc,51,2020-11-14,348
MSRA-DeepST,2020-11-23,2020-11-28,inc,51,2020-11-21,348
MSRA-DeepST,2020-11-30,2020-12-05,inc,51,2020-11-28,348
MSRA-DeepST,2020-12-07,2020-12-12,inc,51,2020-12-05,348
YYG-ParamSearch,2020-05-18,2020-05-23,inc,55,2020-05-16,1155
YYG-ParamSearch,2020-05-25,2020-05-30,inc,55,2020-05-23,1155
YYG-ParamSearch,2020-06-01,2020-06-06,inc,55,2020-05-30,1155
YYG-ParamSearch,2020-06-08,2020-06-13,inc,55,2020-06-06,1155
YYG-ParamSearch,2020-06-15,2020-06-20,inc,55,2020-06-13,1155
YYG-ParamSearch,2020-06-22,2020-06-27,inc,55,2020-06-20,1155
YYG-ParamSearch,2020-06-29,2020-07-04,inc,55,2020-06-27,1155
YYG-ParamSearch,2020-07-06,2020-07-11,inc,55,2020-07-04,1155
YYG-ParamSearch,2020-07-13,2020-07-18,inc,55,2020-07-11,1155
YYG-ParamSearch,2020-07-20,2020-07-25,inc,55,2020-07-18,1155
YYG-ParamSearch,2020-07-27,2020-08-01,inc,55,2020-07-25,1155
YYG-ParamSearch,2020-08-03,2020-08-08,inc,55,2020-08-01,1155
YYG-ParamSearch,2020-08-10,2020-08-15,inc,55,2020-08-08,1155
YYG-ParamSearch,2020-08-17,2020-08-22,inc,55,2020-08-15,1155
YYG-ParamSearch,2020-08-24,2020-08-29,inc,55,2020-08-22,1155
YYG-ParamSearch,2020-08-31,2020-09-05,inc,55,2020-08-29,1155
YYG-ParamSearch,2020-09-07,2020-09-12,inc,55,2020-09-05,1155
YYG-ParamSearch,2020-09-14,2020-09-19,inc,55,2020-09-12,1155
YYG-ParamSearch,2020-09-21,2020-09-26,inc,55,2020-09-19,1155
YYG-ParamSearch,2020-09-28,2020-10-03,inc,55,2020-09-26,1155
YYG-ParamSearch,2020-10-05,2020-10-10,inc,55,2020-10-03,1155
Karlen-pypm,2020-07-20,2020-07-25,inc,51,2020-07-18,1160
Karlen-pypm,2020-07-26,2020-08-01,inc,52,2020-07-25,1160
Karlen-pypm,2020-08-02,2020-08-08,inc,52,2020-08-01,1160
Karlen-pypm,2020-08-09,2020-08-15,inc,52,2020-08-08,1160
Karlen-pypm,2020-08-16,2020-08-22,inc,52,2020-08-15,1160
Karlen-pypm,2020-08-23,2020-08-29,inc,53,2020-08-22,1160
Karlen-pypm,2020-08-30,2020-09-05,inc,53,2020-08-29,1160
Karlen-pypm,2020-09-06,2020-09-12,inc,53,2020-09-05,1160
Karlen-pypm,2020-09-13,2020-09-19,inc,53,2020-09-12,1160
Karlen-pypm,2020-09-20,2020-09-26,inc,53,2020-09-19,1160
Karlen-pypm,2020-09-27,2020-10-03,inc,53,2020-09-26,1160
Karlen-pypm,2020-10-04,2020-10-10,inc,53,2020-10-03,1160
Karlen-pypm,2020-10-11,2020-10-17,inc,53,2020-10-10,1160
Karlen-pypm,2020-10-18,2020-10-24,inc,53,2020-10-17,1160
Karlen-pypm,2020-10-25,2020-10-31,inc,53,2020-10-24,1160
Karlen-pypm,2020-11-01,2020-11-07,inc,53,2020-10-31,1160
Karlen-pypm,2020-11-08,2020-11-14,inc,53,2020-11-07,1160
Karlen-pypm,2020-11-15,2020-11-21,inc,53,2020-11-14,1160
Karlen-pypm,2020-11-22,2020-11-28,inc,53,2020-11-21,1160
Karlen-pypm,2020-11-29,2020-12-05,inc,53,2020-11-28,1160
Karlen-pypm,2020-12-06,2020-12-12,inc,53,2020-12-05,1160
Karlen-pypm,2020-12-13,2020-12-19,inc,53,2020-12-12,1160
JCB-PRM,2020-11-02,2020-11-07,inc,54,2020-10-31,378
JCB-PRM,2020-11-09,2020-11-14,inc,54,2020-11-07,378
JCB-PRM,2020-11-16,2020-11-21,inc,54,2020-11-14,378
JCB-PRM,2020-11-23,2020-11-28,inc,54,2020-11-21,378
JCB-PRM,2020-11-30,2020-12-05,inc,54,2020-11-28,378
JCB-PRM,2020-12-07,2020-12-12,inc,54,2020-12-05,378
JCB-PRM,2020-12-14,2020-12-19,inc,54,2020-12-12,378
DDS-NBDS,2020-07-27,2020-08-01,inc,52,2020-07-25,1092
DDS-NBDS,2020-08-03,2020-08-08,inc,52,2020-08-01,1092
DDS-NBDS,2020-08-10,2020-08-15,inc,52,2020-08-08,1092
DDS-NBDS,2020-08-17,2020-08-22,inc,52,2020-08-15,1092
DDS-NBDS,2020-08-24,2020-08-29,inc,52,2020-08-22,1092
DDS-NBDS,2020-08-31,2020-09-05,inc,52,2020-08-29,1092
DDS-NBDS,2020-09-07,2020-09-12,inc,52,2020-09-05,1092
DDS-NBDS,2020-09-14,2020-09-19,inc,52,2020-09-12,1092
DDS-NBDS,2020-09-21,2020-09-26,inc,52,2020-09-19,1092
DDS-NBDS,2020-09-28,2020-10-03,inc,52,2020-09-26,1092
DDS-NBDS,2020-10-05,2020-10-10,inc,52,2020-10-03,1092
DDS-NBDS,2020-10-12,2020-10-17,inc,52,2020-10-10,1092
DDS-NBDS,2020-10-19,2020-10-24,inc,52,2020-10-17,1092
DDS-NBDS,2020-10-26,2020-10-31,inc,52,2020-10-24,1092
DDS-NBDS,2020-11-02,2020-11-07,inc,52,2020-10-31,1092
DDS-NBDS,2020-11-09,2020-11-14,inc,52,2020-11-07,1092
DDS-NBDS,2020-11-16,2020-11-21,inc,52,2020-11-14,1092
DDS-NBDS,2020-11-23,2020-11-28,inc,52,2020-11-21,1092
DDS-NBDS,2020-11-30,2020-12-05,inc,52,2020-11-28,1092
DDS-NBDS,2020-12-07,2020-12-12,inc,52,2020-12-05,1092
DDS-NBDS,2020-12-14,2020-12-19,inc,52,2020-12-12,1092
UCM_MESALab-FoGSEIR,2020-07-26,2020-08-01,inc,2,2020-07-25,42
UCM_MESALab-FoGSEIR,2020-08-02,2020-08-08,inc,2,2020-08-01,42
UCM_MESALab-FoGSEIR,2020-08-09,2020-08-15,inc,2,2020-08-08,42
UCM_MESALab-FoGSEIR,2020-08-16,2020-08-22,inc,2,2020-08-15,42
UCM_MESALab-FoGSEIR,2020-08-23,2020-08-29,inc,2,2020-08-22,42
UCM_MESALab-FoGSEIR,2020-08-30,2020-09-05,inc,2,2020-08-29,42
UCM_MESALab-FoGSEIR,2020-09-06,2020-09-12,inc,2,2020-09-05,42
UCM_MESALab-FoGSEIR,2020-09-13,2020-09-19,inc,2,2020-09-12,42
UCM_MESALab-FoGSEIR,2020-09-20,2020-09-26,inc,2,2020-09-19,42
UCM_MESALab-FoGSEIR,2020-09-27,2020-10-03,inc,2,2020-09-26,42
UCM_MESALab-FoGSEIR,2020-10-04,2020-10-10,inc,2,2020-10-03,42
UCM_MESALab-FoGSEIR,2020-10-11,2020-10-17,inc,2,2020-10-10,42
UCM_MESALab-FoGSEIR,2020-10-18,2020-10-24,inc,2,2020-10-17,42
UCM_MESALab-FoGSEIR,2020-10-25,2020-10-31,inc,2,2020-10-24,42
UCM_MESALab-FoGSEIR,2020-11-01,2020-11-07,inc,2,2020-10-31,42
UCM_MESALab-FoGSEIR,2020-11-08,2020-11-14,inc,2,2020-11-07,42
UCM_MESALab-FoGSEIR,2020-11-15,2020-11-21,inc,2,2020-11-14,42
UCM_MESALab-FoGSEIR,2020-11-22,2020-11-28,inc,2,2020-11-21,42
UCM_MESALab-FoGSEIR,2020-11-29,2020-12-05,inc,2,2020-11-28,42
UCM_MESALab-FoGSEIR,2020-12-06,2020-12-12,inc,2,2020-12-05,42
UCM_MESALab-FoGSEIR,2020-12-13,2020-12-19,inc,2,2020-12-12,42
UMich-RidgeTfReg,2020-07-06,2020-07-11,inc,1,2020-07-04,901
UMich-RidgeTfReg,2020-07-12,2020-07-18,inc,1,2020-07-11,901
UMich-RidgeTfReg,2020-07-20,2020-07-25,inc,36,2020-07-18,901
UMich-RidgeTfReg,2020-07-27,2020-08-01,inc,29,2020-07-25,901
UMich-RidgeTfReg,2020-08-03,2020-08-08,inc,31,2020-08-01,901
UMich-RidgeTfReg,2020-08-10,2020-08-15,inc,47,2020-08-08,901
UMich-RidgeTfReg,2020-08-17,2020-08-22,inc,40,2020-08-15,901
UMich-RidgeTfReg,2020-08-24,2020-08-29,inc,41,2020-08-22,901
UMich-RidgeTfReg,2020-08-31,2020-09-05,inc,44,2020-08-29,901
UMich-RidgeTfReg,2020-09-07,2020-09-12,inc,50,2020-09-05,901
UMich-RidgeTfReg,2020-09-14,2020-09-19,inc,50,2020-09-12,901
UMich-RidgeTfReg,2020-09-21,2020-09-26,inc,51,2020-09-19,901
UMich-RidgeTfReg,2020-09-28,2020-10-03,inc,51,2020-09-26,901
UMich-RidgeTfReg,2020-10-05,2020-10-10,inc,51,2020-10-03,901
UMich-RidgeTfReg,2020-10-12,2020-10-17,inc,51,2020-10-10,901
UMich-RidgeTfReg,2020-10-19,2020-10-24,inc,51,2020-10-17,901
UMich-RidgeTfReg,2020-10-26,2020-10-31,inc,51,2020-10-24,901
UMich-RidgeTfReg,2020-11-02,2020-11-07,inc,51,2020-10-31,901
UMich-RidgeTfReg,2020-11-09,2020-11-14,inc,51,2020-11-07,901
UMich-RidgeTfReg,2020-11-16,2020-11-21,inc,51,2020-11-14,901
UMich-RidgeTfReg,2020-11-23,2020-11-28,inc,51,2020-11-21,901
UMich-RidgeTfReg,2020-11-30,2020-12-05,inc,7,2020-11-28,901
UMich-RidgeTfReg,2020-12-07,2020-12-12,inc,7,2020-12-05,901
UMich-RidgeTfReg,2020-12-14,2020-12-19,inc,7,2020-12-12,901
LANL-GrowthRate,2020-06-14,2020-06-20,inc,54,2020-06-13,1458
LANL-GrowthRate,2020-06-21,2020-06-27,inc,54,2020-06-20,1458
LANL-GrowthRate,2020-06-29,2020-07-04,inc,54,2020-06-27,1458
LANL-GrowthRate,2020-07-06,2020-07-11,inc,54,2020-07-04,1458
LANL-GrowthRate,2020-07-13,2020-07-18,inc,54,2020-07-11,1458
LANL-GrowthRate,2020-07-20,2020-07-25,inc,54,2020-07-18,1458
LANL-GrowthRate,2020-07-27,2020-08-01,inc,54,2020-07-25,1458
LANL-GrowthRate,2020-08-03,2020-08-08,inc,54,2020-08-01,1458
LANL-GrowthRate,2020-08-10,2020-08-15,inc,54,2020-08-08,1458
LANL-GrowthRate,2020-08-17,2020-08-22,inc,54,2020-08-15,1458
LANL-GrowthRate,2020-08-24,2020-08-29,inc,54,2020-08-22,1458
LANL-GrowthRate,2020-08-31,2020-09-05,inc,54,2020-08-29,1458
LANL-GrowthRate,2020-09-07,2020-09-12,inc,54,2020-09-05,1458
LANL-GrowthRate,2020-09-14,2020-09-19,inc,54,2020-09-12,1458
LANL-GrowthRate,2020-09-21,2020-09-26,inc,54,2020-09-19,1458
LANL-GrowthRate,2020-09-28,2020-10-03,inc,54,2020-09-26,1458
LANL-GrowthRate,2020-10-05,2020-10-10,inc,54,2020-10-03,1458
LANL-GrowthRate,2020-10-12,2020-10-17,inc,54,2020-10-10,1458
LANL-GrowthRate,2020-10-19,2020-10-24,inc,54,2020-10-17,1458
LANL-GrowthRate,2020-10-26,2020-10-31,inc,54,2020-10-24,1458
LANL-GrowthRate,2020-11-02,2020-11-07,inc,54,2020-10-31,1458
LANL-GrowthRate,2020-11-09,2020-11-14,inc,54,2020-11-07,1458
LANL-GrowthRate,2020-11-16,2020-11-21,inc,54,2020-11-14,1458
LANL-GrowthRate,2020-11-23,2020-11-28,inc,54,2020-11-21,1458
LANL-GrowthRate,2020-11-30,2020-12-05,inc,54,2020-11-28,1458
LANL-GrowthRate,2020-12-07,2020-12-12,inc,54,2020-12-05,1458
LANL-GrowthRate,2020-12-14,2020-12-19,inc,54,2020-12-12,1458
USC-SI_kJalpha,2020-11-15,2020-11-21,inc,54,2020-11-14,270
USC-SI_kJalpha,2020-11-22,2020-11-28,inc,54,2020-11-21,270
USC-SI_kJalpha,2020-11-29,2020-12-05,inc,54,2020-11-28,270
USC-SI_kJalpha,2020-12-06,2020-12-12,inc,54,2020-12-05,270
USC-SI_kJalpha,2020-12-13,2020-12-19,inc,54,2020-12-12,270
CU-select,2020-06-21,2020-06-27,inc,52,2020-06-20,1352
CU-select,2020-06-28,2020-07-04,inc,52,2020-06-27,1352
CU-select,2020-07-05,2020-07-11,inc,52,2020-07-04,1352
CU-select,2020-07-12,2020-07-18,inc,52,2020-07-11,1352
CU-select,2020-07-19,2020-07-25,inc,52,2020-07-18,1352
CU-select,2020-07-26,2020-08-01,inc,52,2020-07-25,1352
CU-select,2020-08-02,2020-08-08,inc,52,2020-08-01,1352
CU-select,2020-08-09,2020-08-15,inc,52,2020-08-08,1352
CU-select,2020-08-16,2020-08-22,inc,52,2020-08-15,1352
CU-select,2020-08-23,2020-08-29,inc,52,2020-08-22,1352
CU-select,2020-08-30,2020-09-05,inc,52,2020-08-29,1352
CU-select,2020-09-06,2020-09-12,inc,52,2020-09-05,1352
CU-select,2020-09-13,2020-09-19,inc,52,2020-09-12,1352
CU-select,2020-09-20,2020-09-26,inc,52,2020-09-19,1352
CU-select,2020-09-27,2020-10-03,inc,52,2020-09-26,1352
CU-select,2020-10-04,2020-10-10,inc,52,2020-10-03,1352
CU-select,2020-10-11,2020-10-17,inc,52,2020-10-10,1352
CU-select,2020-10-18,2020-10-24,inc,52,2020-10-17,1352
CU-select,2020-10-25,2020-10-31,inc,52,2020-10-24,1352
CU-select,2020-11-01,2020-11-07,inc,52,2020-10-31,1352
CU-select,2020-11-08,2020-11-14,inc,52,2020-11-07,1352
CU-select,2020-11-15,2020-11-21,inc,52,2020-11-14,1352
CU-select,2020-11-22,2020-11-28,inc,52,2020-11-21,1352
CU-select,2020-11-29,2020-12-05,inc,52,2020-11-28,1352
CU-select,2020-12-06,2020-12-12,inc,52,2020-12-05,1352
CU-select,2020-12-13,2020-12-19,inc,52,2020-12-12,1352
BPagano-RtDriven,2020-10-04,2020-10-10,inc,53,2020-10-03,583
BPagano-RtDriven,2020-10-11,2020-10-17,inc,53,2020-10-10,583
BPagano-RtDriven,2020-10-18,2020-10-24,inc,53,2020-10-17,583
BPagano-RtDriven,2020-10-25,2020-10-31,inc,53,2020-10-24,583
BPagano-RtDriven,2020-11-01,2020-11-07,inc,53,2020-10-31,583
BPagano-RtDriven,2020-11-08,2020-11-14,inc,53,2020-11-07,583
BPagano-RtDriven,2020-11-15,2020-11-21,inc,53,2020-11-14,583
BPagano-RtDriven,2020-11-22,2020-11-28,inc,53,2020-11-21,583
BPagano-RtDriven,2020-11-29,2020-12-05,inc,53,2020-11-28,583
BPagano-RtDriven,2020-12-06,2020-12-12,inc,53,2020-12-05,583
BPagano-RtDriven,2020-12-13,2020-12-19,inc,53,2020-12-12,583
RPI_UW-Mob_Collision,2020-08-03,2020-08-08,inc,1,2020-08-01,573
RPI_UW-Mob_Collision,2020-08-10,2020-08-15,inc,33,2020-08-08,573
RPI_UW-Mob_Collision,2020-08-16,2020-08-22,inc,33,2020-08-15,573
RPI_UW-Mob_Collision,2020-08-23,2020-08-29,inc,33,2020-08-22,573
RPI_UW-Mob_Collision,2020-08-30,2020-09-05,inc,31,2020-08-29,573
RPI_UW-Mob_Collision,2020-09-06,2020-09-12,inc,31,2020-09-05,573
RPI_UW-Mob_Collision,2020-09-13,2020-09-19,inc,32,2020-09-12,573
RPI_UW-Mob_Collision,2020-09-20,2020-09-26,inc,32,2020-09-19,573
RPI_UW-Mob_Collision,2020-09-27,2020-10-03,inc,31,2020-09-26,573
RPI_UW-Mob_Collision,2020-10-04,2020-10-10,inc,32,2020-10-03,573
RPI_UW-Mob_Collision,2020-10-11,2020-10-17,inc,32,2020-10-10,573
RPI_UW-Mob_Collision,2020-10-18,2020-10-24,inc,32,2020-10-17,573
RPI_UW-Mob_Collision,2020-10-25,2020-10-31,inc,32,2020-10-24,573
RPI_UW-Mob_Collision,2020-11-01,2020-11-07,inc,31,2020-10-31,573
RPI_UW-Mob_Collision,2020-11-08,2020-11-14,inc,31,2020-11-07,573
RPI_UW-Mob_Collision,2020-11-22,2020-11-28,inc,31,2020-11-21,573
RPI_UW-Mob_Collision,2020-11-29,2020-12-05,inc,31,2020-11-28,573
RPI_UW-Mob_Collision,2020-12-06,2020-12-12,inc,32,2020-12-05,573
RPI_UW-Mob_Collision,2020-12-13,2020-12-19,inc,32,2020-12-12,573
JHU_IDD-CovidSP,2020-05-17,2020-05-23,inc,55,2020-05-16,1705
JHU_IDD-CovidSP,2020-05-24,2020-05-30,inc,55,2020-05-23,1705
JHU_IDD-CovidSP,2020-05-31,2020-06-06,inc,55,2020-05-30,1705
JHU_IDD-CovidSP,2020-06-07,2020-06-13,inc,55,2020-06-06,1705
JHU_IDD-CovidSP,2020-06-14,2020-06-20,inc,55,2020-06-13,1705
JHU_IDD-CovidSP,2020-06-21,2020-06-27,inc,55,2020-06-20,1705
JHU_IDD-CovidSP,2020-06-28,2020-07-04,inc,55,2020-06-27,1705
JHU_IDD-CovidSP,2020-07-05,2020-07-11,inc,55,2020-07-04,1705
JHU_IDD-CovidSP,2020-07-12,2020-07-18,inc,55,2020-07-11,1705
JHU_IDD-CovidSP,2020-07-19,2020-07-25,inc,55,2020-07-18,1705
JHU_IDD-CovidSP,2020-07-26,2020-08-01,inc,55,2020-07-25,1705
JHU_IDD-CovidSP,2020-08-02,2020-08-08,inc,55,2020-08-01,1705
JHU_IDD-CovidSP,2020-08-09,2020-08-15,inc,55,2020-08-08,1705
JHU_IDD-CovidSP,2020-08-16,2020-08-22,inc,55,2020-08-15,1705
JHU_IDD-CovidSP,2020-08-23,2020-08-29,inc,55,2020-08-22,1705
JHU_IDD-CovidSP,2020-08-30,2020-09-05,inc,55,2020-08-29,1705
JHU_IDD-CovidSP,2020-09-06,2020-09-12,inc,55,2020-09-05,1705
JHU_IDD-CovidSP,2020-09-13,2020-09-19,inc,55,2020-09-12,1705
JHU_IDD-CovidSP,2020-09-20,2020-09-26,inc,55,2020-09-19,1705
JHU_IDD-CovidSP,2020-09-27,2020-10-03,inc,55,2020-09-26,1705
JHU_IDD-CovidSP,2020-10-04,2020-10-10,inc,55,2020-10-03,1705
JHU_IDD-CovidSP,2020-10-11,2020-10-17,inc,55,2020-10-10,1705
JHU_IDD-CovidSP,2020-10-18,2020-10-24,inc,55,2020-10-17,1705
JHU_IDD-CovidSP,2020-10-25,2020-10-31,inc,55,2020-10-24,1705
JHU_IDD-CovidSP,2020-11-01,2020-11-07,inc,55,2020-10-31,1705
JHU_IDD-CovidSP,2020-11-08,2020-11-14,inc,55,2020-11-07,1705
JHU_IDD-CovidSP,2020-11-15,2020-11-21,inc,55,2020-11-14,1705
JHU_IDD-CovidSP,2020-11-22,2020-11-28,inc,55,2020-11-21,1705
JHU_IDD-CovidSP,2020-11-29,2020-12-05,inc,55,2020-11-28,1705
JHU_IDD-CovidSP,2020-12-06,2020-12-12,inc,55,2020-12-05,1705
JHU_IDD-CovidSP,2020-12-13,2020-12-19,inc,55,2020-12-12,1705
